{
  "path": [
    [
      -2.25,
      8.75
    ],
    [
      0.4500000000000002,
      8.3
    ],
    [
      6.75,
      8.3
    ],
    [
      7.0,
      8.100000000000001
    ],
    [
      7.4,
      8.0
    ],
    [
      13.150000000000002,
      8.600000000000001
    ]
  ],
  "num_waypoints": 6,
  "start": [
    -2.25,
    8.75
  ],
  "goal": [
    13.150000000000002,
    8.600000000000001
  ],
  "total_distance": 15.55092950758225,
  "timestamp": 1778710518.6216009
}