{
  "path": [
    [
      1.7000000000000002,
      0.5
    ],
    [
      2.6500000000000004,
      1.75
    ],
    [
      4.300000000000001,
      1.9000000000000004
    ],
    [
      4.75,
      2.3499999999999996
    ],
    [
      5.300000000000001,
      2.9000000000000004
    ],
    [
      6.0,
      1.9000000000000004
    ],
    [
      5.0,
      1.0500000000000007
    ],
    [
      6.600000000000001,
      -1.0499999999999998
    ],
    [
      6.25,
      -2.75
    ],
    [
      2.3000000000000007,
      -1.0
    ],
    [
      2.1500000000000004,
      0.0
    ],
    [
      0.10000000000000009,
      0.0
    ]
  ],
  "num_waypoints": 12,
  "start": [
    1.7000000000000002,
    0.5
  ],
  "goal": [
    0.10000000000000009,
    0.0
  ],
  "total_distance": 18.931365186689202,
  "timestamp": 1780847172.5275712
}