{
  "path": [
    [
      1.9000000000000004,
      0.20000000000000018
    ],
    [
      2.5500000000000007,
      -1.1499999999999995
    ],
    [
      4.9,
      -2.55
    ],
    [
      6.700000000000001,
      -2.3
    ],
    [
      6.600000000000001,
      2.3000000000000007
    ],
    [
      4.300000000000001,
      3.450000000000001
    ],
    [
      2.2,
      4.100000000000001
    ],
    [
      0.0,
      3.950000000000001
    ],
    [
      -0.7999999999999998,
      3.200000000000001
    ],
    [
      -0.75,
      1.75
    ],
    [
      0.7000000000000002,
      0.05000000000000071
    ]
  ],
  "num_waypoints": 11,
  "start": [
    1.9000000000000004,
    0.20000000000000018
  ],
  "goal": [
    0.7000000000000002,
    0.05000000000000071
  ],
  "total_distance": 22.408831687285726,
  "timestamp": 1779358049.5059924
}