{
  "path": [
    [
      1.75,
      0.4500000000000002
    ],
    [
      2.5,
      1.75
    ],
    [
      4.3500000000000005,
      2.0500000000000007
    ],
    [
      5.050000000000001,
      2.8500000000000014
    ],
    [
      4.65,
      3.4000000000000004
    ],
    [
      2.4000000000000004,
      3.9000000000000004
    ],
    [
      0.15000000000000036,
      3.8500000000000014
    ],
    [
      -0.7999999999999998,
      3.0
    ],
    [
      -0.5,
      1.3000000000000007
    ],
    [
      0.8500000000000001,
      0.4500000000000002
    ],
    [
      0.25,
      0.0
    ]
  ],
  "num_waypoints": 11,
  "start": [
    1.75,
    0.4500000000000002
  ],
  "goal": [
    0.25,
    0.0
  ],
  "total_distance": 15.019857433314119,
  "timestamp": 1780517566.797296
}