{
  "path": [
    [
      1.75,
      0.4500000000000002
    ],
    [
      2.4000000000000004,
      1.75
    ],
    [
      4.1000000000000005,
      1.8000000000000007
    ],
    [
      5.050000000000001,
      2.8500000000000014
    ],
    [
      4.45,
      3.4000000000000004
    ],
    [
      2.75,
      3.8000000000000007
    ],
    [
      0.20000000000000018,
      3.8500000000000014
    ],
    [
      -0.6999999999999997,
      2.8500000000000014
    ],
    [
      -0.6999999999999997,
      1.700000000000001
    ],
    [
      1.0,
      0.15000000000000036
    ],
    [
      0.3500000000000001,
      0.0
    ]
  ],
  "num_waypoints": 11,
  "start": [
    1.75,
    0.4500000000000002
  ],
  "goal": [
    0.3500000000000001,
    0.0
  ],
  "total_distance": 15.144004666807799,
  "timestamp": 1780336426.4145195
}