{
  "path": [
    [
      1.25,
      0.3000000000000007
    ],
    [
      3.1500000000000004,
      -1.0
    ],
    [
      5.0,
      -2.05
    ],
    [
      5.75,
      -2.0
    ],
    [
      6.800000000000001,
      -1.4499999999999993
    ]
  ],
  "num_waypoints": 5,
  "start": [
    1.25,
    0.3000000000000007
  ],
  "goal": [
    6.800000000000001,
    -1.4499999999999993
  ],
  "total_distance": 6.366369403294149,
  "timestamp": 1779055547.1710265
}