{
  "path": [
    [
      1.75,
      0.15000000000000036
    ],
    [
      2.6500000000000004,
      -1.3499999999999996
    ],
    [
      5.450000000000001,
      -2.75
    ],
    [
      6.700000000000001,
      -1.8499999999999996
    ],
    [
      6.550000000000001,
      2.5500000000000007
    ],
    [
      3.1500000000000004,
      3.8500000000000014
    ],
    [
      0.25,
      3.9000000000000004
    ],
    [
      -0.7999999999999998,
      3.0500000000000007
    ],
    [
      -1.9,
      3.950000000000001
    ],
    [
      -1.95,
      5.200000000000001
    ],
    [
      -1.15,
      5.950000000000001
    ],
    [
      0.15000000000000036,
      5.700000000000001
    ],
    [
      0.3500000000000001,
      3.75
    ],
    [
      -0.6999999999999997,
      3.0
    ],
    [
      -0.6999999999999997,
      1.5500000000000007
    ],
    [
      0.40000000000000036,
      0.10000000000000053
    ]
  ],
  "num_waypoints": 16,
  "start": [
    1.75,
    0.15000000000000036
  ],
  "goal": [
    0.40000000000000036,
    0.10000000000000053
  ],
  "total_distance": 30.327318869372863,
  "timestamp": 1780270685.772813
}