{
  "path": [
    [
      0.7000000000000002,
      3.25
    ],
    [
      3.8000000000000007,
      3.1000000000000014
    ]
  ],
  "num_waypoints": 2,
  "start": [
    0.7000000000000002,
    3.25
  ],
  "goal": [
    3.8000000000000007,
    3.1000000000000014
  ],
  "total_distance": 3.1036269105676992,
  "timestamp": 1778581906.1568549
}