{
  "path": [
    [
      1.3500000000000005,
      0.25
    ],
    [
      2.5500000000000007,
      1.5500000000000007
    ],
    [
      4.0,
      1.8000000000000007
    ],
    [
      5.25,
      2.9000000000000004
    ],
    [
      6.600000000000001,
      2.950000000000001
    ],
    [
      6.550000000000001,
      -2.55
    ],
    [
      4.8500000000000005,
      -2.5999999999999996
    ],
    [
      2.75,
      -1.3499999999999996
    ],
    [
      2.0500000000000007,
      0.05000000000000071
    ],
    [
      0.3500000000000001,
      0.15000000000000036
    ]
  ],
  "num_waypoints": 10,
  "start": [
    1.3500000000000005,
    0.25
  ],
  "goal": [
    0.3500000000000001,
    0.15000000000000036
  ],
  "total_distance": 19.16960119341066,
  "timestamp": 1779491749.462416
}