{
  "path": [
    [
      0.5500000000000003,
      0.05000000000000071
    ],
    [
      1.7000000000000002,
      0.40000000000000036
    ],
    [
      2.4000000000000004,
      1.3000000000000007
    ]
  ],
  "num_waypoints": 3,
  "start": [
    0.5500000000000003,
    0.05000000000000071
  ],
  "goal": [
    2.4000000000000004,
    1.3000000000000007
  ],
  "total_distance": 2.3422569531162694,
  "timestamp": 1779137174.592843
}