{
  "path": [
    [
      1.6000000000000005,
      2.5500000000000007
    ],
    [
      3.2,
      3.75
    ]
  ],
  "num_waypoints": 2,
  "start": [
    1.6000000000000005,
    2.5500000000000007
  ],
  "goal": [
    3.2,
    3.75
  ],
  "total_distance": 1.9999999999999993,
  "timestamp": 1778696430.3930664
}