{
  "path": [
    [
      1.7000000000000002,
      0.25
    ],
    [
      2.6000000000000005,
      -1.3999999999999995
    ],
    [
      1.5,
      -3.1999999999999997
    ],
    [
      1.25,
      -5.25
    ],
    [
      -0.5499999999999998,
      -5.3
    ],
    [
      1.1000000000000005,
      -5.7
    ],
    [
      1.8500000000000005,
      -2.5999999999999996
    ],
    [
      3.0,
      -1.6999999999999993
    ],
    [
      4.550000000000001,
      -2.55
    ],
    [
      6.050000000000001,
      -2.55
    ],
    [
      6.75,
      -1.75
    ],
    [
      6.4,
      4.200000000000001
    ],
    [
      5.800000000000001,
      4.950000000000001
    ],
    [
      4.95,
      4.15
    ],
    [
      5.0,
      2.8500000000000014
    ],
    [
      4.25,
      1.9000000000000004
    ],
    [
      2.6000000000000005,
      1.700000000000001
    ],
    [
      1.1500000000000004,
      0.15000000000000036
    ],
    [
      0.15000000000000036,
      0.05000000000000071
    ]
  ],
  "num_waypoints": 19,
  "start": [
    1.7000000000000002,
    0.25
  ],
  "goal": [
    0.15000000000000036,
    0.05000000000000071
  ],
  "total_distance": 33.922108716676135,
  "timestamp": 1781126165.074546
}