{
  "path": [
    [
      -0.8999999999999999,
      3.1000000000000014
    ],
    [
      -1.45,
      3.5
    ]
  ],
  "num_waypoints": 2,
  "start": [
    -0.8999999999999999,
    3.1000000000000014
  ],
  "goal": [
    -1.45,
    3.5
  ],
  "total_distance": 0.6800735254367714,
  "timestamp": 1781429572.261724
}