{
  "path": [
    [
      1.8500000000000005,
      0.10000000000000053
    ],
    [
      1.8500000000000005,
      1.0500000000000007
    ],
    [
      0.050000000000000266,
      1.1500000000000004
    ],
    [
      0.10000000000000009,
      0.15000000000000036
    ]
  ],
  "num_waypoints": 4,
  "start": [
    1.8500000000000005,
    0.10000000000000053
  ],
  "goal": [
    0.10000000000000009,
    0.15000000000000036
  ],
  "total_distance": 3.7540248574570345,
  "timestamp": 1781185552.0313017
}