{
  "path": [
    [
      1.9000000000000004,
      0.7000000000000002
    ],
    [
      2.5500000000000007,
      1.700000000000001
    ],
    [
      4.0,
      1.700000000000001
    ],
    [
      4.15,
      -0.5
    ],
    [
      6.0,
      -0.5499999999999998
    ],
    [
      6.300000000000001,
      -2.55
    ],
    [
      4.4,
      -2.5
    ],
    [
      2.3500000000000005,
      -1.0
    ],
    [
      2.1000000000000005,
      0.0
    ],
    [
      0.15000000000000036,
      0.10000000000000053
    ]
  ],
  "num_waypoints": 10,
  "start": [
    1.9000000000000004,
    0.7000000000000002
  ],
  "goal": [
    0.15000000000000036,
    0.10000000000000053
  ],
  "total_distance": 16.145017910687503,
  "timestamp": 1780348140.3054183
}