{
  "path": [
    [
      -0.6999999999999997,
      2.3000000000000007
    ],
    [
      -0.7999999999999998,
      3.1000000000000014
    ],
    [
      -2.0,
      3.950000000000001
    ],
    [
      -2.0,
      5.15
    ],
    [
      -1.0999999999999999,
      5.950000000000001
    ],
    [
      0.4500000000000002,
      5.950000000000001
    ],
    [
      0.5500000000000003,
      3.950000000000001
    ],
    [
      1.9500000000000002,
      3.950000000000001
    ],
    [
      1.9000000000000004,
      5.350000000000001
    ],
    [
      3.25,
      5.350000000000001
    ],
    [
      3.3500000000000005,
      3.700000000000001
    ],
    [
      4.95,
      3.6000000000000014
    ],
    [
      4.9,
      4.5
    ],
    [
      5.950000000000001,
      5.200000000000001
    ],
    [
      6.75,
      3.700000000000001
    ],
    [
      6.850000000000001,
      -2.1499999999999995
    ],
    [
      9.350000000000001,
      -2.1999999999999993
    ],
    [
      8.950000000000001,
      -3.1999999999999997
    ],
    [
      5.4,
      -3.0
    ],
    [
      2.2,
      -1.0
    ],
    [
      2.0500000000000007,
      0.10000000000000053
    ],
    [
      0.10000000000000009,
      0.0
    ]
  ],
  "num_waypoints": 22,
  "start": [
    -0.6999999999999997,
    2.3000000000000007
  ],
  "goal": [
    0.10000000000000009,
    0.0
  ],
  "total_distance": 39.32415253343871,
  "timestamp": 1781564077.382715
}