{
  "path": [
    [
      0.050000000000000266,
      0.05000000000000071
    ],
    [
      2.0,
      0.15000000000000036
    ],
    [
      2.0,
      0.9500000000000002
    ],
    [
      0.75,
      1.0
    ],
    [
      0.8000000000000003,
      0.15000000000000036
    ]
  ],
  "num_waypoints": 5,
  "start": [
    0.050000000000000266,
    0.05000000000000071
  ],
  "goal": [
    0.8000000000000003,
    0.15000000000000036
  ],
  "total_distance": 4.8550313375926635,
  "timestamp": 1779098946.1162965
}